<application>
  <component name="ProjectJdkTable">
    <jdk version="2">
      <name value="ruby-2.6.8-p205" />
      <type value="RUBY_SDK" />
      <version value="ver.2.6.8p205 ( revision 67951) p205" />
      <homePath value="/usr/bin/ruby" />
      <roots>
        <classPath>
          <root type="composite">
            <root url="file:///Library/Ruby/Site/2.6.0" type="simple" />
            <root url="file:///Library/Ruby/Site/2.6.0/universal-darwin21" type="simple" />
            <root url="file:///Library/Ruby/Site" type="simple" />
            <root url="file:///System/Library/Frameworks/Ruby.framework/Versions/2.6/usr/lib/ruby/vendor_ruby/2.6.0" type="simple" />
            <root url="file:///System/Library/Frameworks/Ruby.framework/Versions/2.6/usr/lib/ruby/vendor_ruby/2.6.0/universal-darwin21" type="simple" />
            <root url="file:///System/Library/Frameworks/Ruby.framework/Versions/2.6/usr/lib/ruby/vendor_ruby" type="simple" />
            <root url="file:///System/Library/Frameworks/Ruby.framework/Versions/2.6/usr/lib/ruby/2.6.0" type="simple" />
            <root url="file:///System/Library/Frameworks/Ruby.framework/Versions/2.6/usr/lib/ruby/2.6.0/universal-darwin21" type="simple" />
            <root url="file://$APPLICATION_HOME_DIR$/plugins/ruby/rubystubs/rubystubs26" type="simple" />
          </root>
        </classPath>
        <sourcePath>
          <root type="composite">
            <root url="file:///Library/Ruby/Site/2.6.0" type="simple" />
            <root url="file:///Library/Ruby/Site/2.6.0/universal-darwin21" type="simple" />
            <root url="file:///Library/Ruby/Site" type="simple" />
            <root url="file:///System/Library/Frameworks/Ruby.framework/Versions/2.6/usr/lib/ruby/vendor_ruby/2.6.0" type="simple" />
            <root url="file:///System/Library/Frameworks/Ruby.framework/Versions/2.6/usr/lib/ruby/vendor_ruby/2.6.0/universal-darwin21" type="simple" />
            <root url="file:///System/Library/Frameworks/Ruby.framework/Versions/2.6/usr/lib/ruby/vendor_ruby" type="simple" />
            <root url="file:///System/Library/Frameworks/Ruby.framework/Versions/2.6/usr/lib/ruby/2.6.0" type="simple" />
            <root url="file:///System/Library/Frameworks/Ruby.framework/Versions/2.6/usr/lib/ruby/2.6.0/universal-darwin21" type="simple" />
            <root url="file://$APPLICATION_HOME_DIR$/plugins/ruby/rubystubs/rubystubs26" type="simple" />
          </root>
        </sourcePath>
      </roots>
      <additional NORMALIZED_VERSION_STRING="ver.2.6.8p205 ( revision 67951) p205" version="1" GEMS_BIN_DIR_PATH="/usr/local/bin">
        <VERSION_MANAGER ID="system">
          <custom-configurator>
            <list />
          </custom-configurator>
        </VERSION_MANAGER>
        <RbConfig>
          <item key="AR" value="libtool -static" />
          <item key="ARFLAGS" value="-no_warning_for_no_symbols -o " />
          <item key="AS" value="as" />
          <item key="ASMEXT" value="S" />
          <item key="BUILTIN_TRANSSRCS" value=" enc/trans/newline.c" />
          <item key="CC" value="xcrun clang" />
          <item key="CC_VERSION" value="xcrun clang --version" />
          <item key="CC_VERSION_MESSAGE" value="Apple clang version 13.0.0 (clang-1300.0.29.10) [+internal-os, ptrauth-isa=deployment-target-based]&#10;Target: x86_64-apple-darwin20.1.0&#10;Thread model: posix&#10;InstalledDir: /System/Volumes/Data/SWE/macOS/BuildRoots/5b2e67f8af/Applications/Xcode.app/Contents/Developer/Toolchains/OSX12.1.xctoolchain/usr/bin" />
          <item key="CFLAGS" value=" -g -Os -pipe -DHAVE_GCC_ATOMIC_BUILTINS -DUSE_FFI_CLOSURE_ALLOC" />
          <item key="CHDIR" value="cd -P" />
          <item key="CONFIGURE" value="configure" />
          <item key="COUTFLAG" value="-o " />
          <item key="CP" value="cp" />
          <item key="CPP" value="xcrun clang -E" />
          <item key="CPPFLAGS" value="-D_XOPEN_SOURCE -D_DARWIN_C_SOURCE -D_DARWIN_UNLIMITED_SELECT -D_REENTRANT  " />
          <item key="CPPOUTFILE" value="-o conftest.i" />
          <item key="CROSS_COMPILING" value="no" />
          <item key="CXX" value="xcrun clang++" />
          <item key="CXXFLAGS" value=" -g -Os -pipe " />
          <item key="DLDFLAGS" value="             -undefined dynamic_lookup -multiply_defined suppress" />
          <item key="DLDSHARED" value="xcrun clang -dynamiclib" />
          <item key="DLEXT" value="bundle" />
          <item key="DLNOBJ" value="dln.o" />
          <item key="ECHO_C" value="\\c" />
          <item key="EGREP" value="/usr/bin/grep -E" />
          <item key="ENABLE_SHARED" value="yes" />
          <item key="EXTOUT" value=".ext" />
          <item key="GIT" value="git" />
          <item key="GNU_LD" value="no" />
          <item key="GREP" value="/usr/bin/grep" />
          <item key="HAVE_GIT" value="yes" />
          <item key="INSTALL" value="/usr/bin/install -c" />
          <item key="INSTALL_DATA" value="/usr/bin/install -c -m 644" />
          <item key="INSTALL_PROGRAM" value="/usr/bin/install -c" />
          <item key="INSTALL_SCRIPT" value="/usr/bin/install -c" />
          <item key="INSTALL_STATIC_LIBRARY" value="no" />
          <item key="LD" value="ld" />
          <item key="LDFLAGS" value="-L. -L/System/Volumes/Data/SWE/macOS/BuildRoots/5b2e67f8af/Applications/Xcode.app/Contents/Developer/Platforms/MacOSX.platform/Developer/SDKs/MacOSX12.1.Internal.sdk/usr/local/lib" />
          <item key="LDSHARED" value="xcrun clang -dynamic -bundle" />
          <item key="LDSHAREDXX" value="xcrun clang++ -dynamic -bundle" />
          <item key="LIBEXT" value="a" />
          <item key="LIBPATHENV" value="DYLD_FALLBACK_LIBRARY_PATH" />
          <item key="LIBPATHFLAG" value=" -L%s" />
          <item key="LIBRUBY" value="libruby.2.6.dylib" />
          <item key="LIBRUBYARG" value="-lruby.2.6" />
          <item key="LIBRUBYARG_SHARED" value="-lruby.2.6" />
          <item key="LIBRUBYARG_STATIC" value="-lruby.2.6-static -framework Security -framework Foundation -lpthread -ldl -lobjc" />
          <item key="LIBRUBY_A" value="libruby.2.6-static.a" />
          <item key="LIBRUBY_ALIASES" value="libruby.dylib" />
          <item key="LIBRUBY_RELATIVE" value="no" />
          <item key="LIBRUBY_SO" value="libruby.2.6.dylib" />
          <item key="LIBRUBY_SONAME" value="libruby.2.6.dylib" />
          <item key="LINK_SO" value="&#10;dsymutil $@; { test -z '$(RUBY_CODESIGN)' || codesign -s '$(RUBY_CODESIGN)' -f $@; }" />
          <item key="LN_S" value="ln -s" />
          <item key="MAINLIBS" value="-lpthread -ldl -lobjc" />
          <item key="MAJOR" value="2" />
          <item key="MAKEDIRS" value="mkdir -p" />
          <item key="MAKEFILES" value="Makefile GNUmakefile" />
          <item key="MANTYPE" value="doc" />
          <item key="MATHN" value="yes" />
          <item key="MINOR" value="6" />
          <item key="MJIT_CC" value="/System/Volumes/Data/SWE/macOS/BuildRoots/5b2e67f8af/Applications/Xcode.app/Contents/Developer/Toolchains/OSX12.1.xctoolchain/usr/bin/cc" />
          <item key="MJIT_SUPPORT" value="yes" />
          <item key="MKDIR_P" value="mkdir -p" />
          <item key="NM" value="nm" />
          <item key="NULLCMD" value=":" />
          <item key="OBJDUMP" value="objdump" />
          <item key="OBJEXT" value="o" />
          <item key="OUTFLAG" value="-o " />
          <item key="PACKAGE" value="ruby" />
          <item key="PATCHLEVEL" value="205" />
          <item key="PATH_SEPARATOR" value=":" />
          <item key="POSTLINK" value="dsymutil $@; { test -z '$(RUBY_CODESIGN)' || codesign -s '$(RUBY_CODESIGN)' -f $@; }" />
          <item key="PRELOADENV" value="DYLD_INSERT_LIBRARIES" />
          <item key="PREP" value="miniruby" />
          <item key="RANLIB" value=":" />
          <item key="RI_BASE_NAME" value="ri" />
          <item key="RM" value="rm -f" />
          <item key="RMALL" value="rm -fr" />
          <item key="RMDIR" value="rmdir" />
          <item key="RMDIRS" value="rmdir -p" />
          <item key="RUBYW_BASE_NAME" value="rubyw" />
          <item key="RUBY_API_VERSION" value="2.6" />
          <item key="RUBY_BASE_NAME" value="ruby" />
          <item key="RUBY_EXEC_PREFIX" value="/System/Library/Frameworks/Ruby.framework/Versions/2.6/usr" />
          <item key="RUBY_INSTALL_NAME" value="ruby" />
          <item key="RUBY_LIB_VERSION_STYLE" value="3&#9;/* full */" />
          <item key="RUBY_PROGRAM_VERSION" value="2.6.8" />
          <item key="RUBY_SO_NAME" value="ruby.2.6" />
          <item key="RUBY_VERSION_NAME" value="ruby-2.6.0" />
          <item key="SHELL" value="/bin/sh" />
          <item key="SOEXT" value="dylib" />
          <item key="SOLIBS" value="-lpthread -ldl -lobjc" />
          <item key="STRIP" value="strip -A -n" />
          <item key="SYMBOL_PREFIX" value="_" />
          <item key="TEENY" value="8" />
          <item key="TEST_RUNNABLE" value="yes" />
          <item key="THREAD_MODEL" value="pthread" />
          <item key="UNICODE_EMOJI_VERSION" value="12.0" />
          <item key="UNICODE_VERSION" value="12.1.0" />
          <item key="UNIVERSAL_ARCHNAMES" value=" arm64e=arm64e x86_64=x86_64" />
          <item key="UNIVERSAL_INTS" value="'long long' long int short" />
          <item key="arch" value="universal-darwin21" />
          <item key="archdir" value="/System/Library/Frameworks/Ruby.framework/Versions/2.6/usr/lib/ruby/2.6.0/universal-darwin21" />
          <item key="archincludedir" value="/Library/Developer/CommandLineTools/SDKs/MacOSX12.1.sdk/System/Library/Frameworks/Ruby.framework/Versions/2.6/usr/include/universal-darwin21" />
          <item key="archlibdir" value="/System/Library/Frameworks/Ruby.framework/Versions/2.6/usr/lib/universal-darwin21" />
          <item key="bindir" value="/System/Library/Frameworks/Ruby.framework/Versions/2.6/usr/bin" />
          <item key="build" value="x86_64-apple-darwin21" />
          <item key="build_cpu" value="x86_64" />
          <item key="build_os" value="darwin21" />
          <item key="build_vendor" value="apple" />
          <item key="cflags" value=" -g " />
          <item key="codesign" value="codesign" />
          <item key="configure_args" value=" '--prefix=/usr' '--mandir=/usr/share/man' '--infodir=/usr/share/info' '--disable-dependency-tracking' '--prefix=/System/Library/Frameworks/Ruby.framework/Versions/2.6/usr' '--sysconfdir=/Library/Ruby/Site' '--with-sitedir=/Library/Ruby/Site' '--enable-shared' '--with-arch=arm64e,x86_64' '--with-openssl-dir=/System/Volumes/Data/SWE/macOS/BuildRoots/5b2e67f8af/Applications/Xcode.app/Contents/Developer/Platforms/MacOSX.platform/Developer/SDKs/MacOSX12.1.Internal.sdk/usr/local/libressl-by-deployment-target/11.0' '--without-ext=tk' '--disable-silent-rules' 'ac_cv_func_getcontext=no' 'ac_cv_func_setcontext=no' 'ac_cv_func_utimensat=no' 'ac_cv_c_compiler_gnu=no' 'ac_cv_header_net_if_h=yes' 'av_cv_header_ifaddrs_h=yes' 'rb_cv_pri_prefix_long_long=ll' 'rb_cv_stack_grow_dir_arm64e=-1' 'ac_cv_sizeof_struct_stat_st_size=SIZEOF_OFF_T' 'ac_cv_sizeof_struct_stat_st_blocks=SIZEOF_INT64_T' 'ac_cv_sizeof_struct_stat_st_ino=SIZEOF_UINT64_T' 'CC=/System/Volumes/Data/SWE/macOS/BuildRoots/5b2e67f8af/Applications/Xcode.app/Contents/Developer/Toolchains/OSX12.1.xctoolchain/usr/bin/cc' 'CFLAGS=-arch arm64e -arch x86_64 -g -Os -pipe -DHAVE_GCC_ATOMIC_BUILTINS -DUSE_FFI_CLOSURE_ALLOC' 'LDFLAGS=-arch arm64e -arch x86_64            ' 'CXX=/System/Volumes/Data/SWE/macOS/BuildRoots/5b2e67f8af/Applications/Xcode.app/Contents/Developer/Toolchains/OSX12.1.xctoolchain/usr/bin/c++' 'CXXFLAGS=-arch arm64e -arch x86_64 -g -Os -pipe '" />
          <item key="cxxflags" value=" -g " />
          <item key="datadir" value="/System/Library/Frameworks/Ruby.framework/Versions/2.6/usr/share" />
          <item key="datarootdir" value="/System/Library/Frameworks/Ruby.framework/Versions/2.6/usr/share" />
          <item key="debugflags" value="-g" />
          <item key="docdir" value="/System/Library/Frameworks/Ruby.framework/Versions/2.6/usr/share/doc/ruby" />
          <item key="dsymutil" value="dsymutil" />
          <item key="dvidir" value="/System/Library/Frameworks/Ruby.framework/Versions/2.6/usr/share/doc/ruby" />
          <item key="exec" value="exec" />
          <item key="exec_prefix" value="/System/Library/Frameworks/Ruby.framework/Versions/2.6/usr" />
          <item key="host" value="x86_64-apple-darwin21" />
          <item key="host_cpu" value="x86_64" />
          <item key="host_os" value="darwin21" />
          <item key="host_vendor" value="apple" />
          <item key="htmldir" value="/System/Library/Frameworks/Ruby.framework/Versions/2.6/usr/share/doc/ruby" />
          <item key="includedir" value="/Library/Developer/CommandLineTools/SDKs/MacOSX12.1.sdk/System/Library/Frameworks/Ruby.framework/Versions/2.6/usr/include" />
          <item key="infodir" value="/usr/share/info" />
          <item key="libdir" value="/System/Library/Frameworks/Ruby.framework/Versions/2.6/usr/lib" />
          <item key="libdirname" value="libdir" />
          <item key="libexecdir" value="/System/Library/Frameworks/Ruby.framework/Versions/2.6/usr/libexec" />
          <item key="localedir" value="/System/Library/Frameworks/Ruby.framework/Versions/2.6/usr/share/locale" />
          <item key="localstatedir" value="/System/Library/Frameworks/Ruby.framework/Versions/2.6/usr/var" />
          <item key="mandir" value="/usr/share/man" />
          <item key="oldincludedir" value="/usr/include" />
          <item key="pdfdir" value="/System/Library/Frameworks/Ruby.framework/Versions/2.6/usr/share/doc/ruby" />
          <item key="prefix" value="/System/Library/Frameworks/Ruby.framework/Versions/2.6/usr" />
          <item key="psdir" value="/System/Library/Frameworks/Ruby.framework/Versions/2.6/usr/share/doc/ruby" />
          <item key="ridir" value="/System/Library/Frameworks/Ruby.framework/Versions/2.6/usr/share/ri" />
          <item key="ruby_install_name" value="ruby" />
          <item key="ruby_pc" value="ruby-2.6.pc" />
          <item key="ruby_version" value="2.6.0" />
          <item key="rubyarchdir" value="/System/Library/Frameworks/Ruby.framework/Versions/2.6/usr/lib/ruby/2.6.0/universal-darwin21" />
          <item key="rubyarchhdrdir" value="/Library/Developer/CommandLineTools/SDKs/MacOSX12.1.sdk/System/Library/Frameworks/Ruby.framework/Versions/2.6/usr/include/ruby-2.6.0/universal-darwin21" />
          <item key="rubyarchprefix" value="/System/Library/Frameworks/Ruby.framework/Versions/2.6/usr/lib/ruby/universal-darwin21" />
          <item key="rubyhdrdir" value="/Library/Developer/CommandLineTools/SDKs/MacOSX12.1.sdk/System/Library/Frameworks/Ruby.framework/Versions/2.6/usr/include/ruby-2.6.0" />
          <item key="rubylibdir" value="/System/Library/Frameworks/Ruby.framework/Versions/2.6/usr/lib/ruby/2.6.0" />
          <item key="rubylibprefix" value="/System/Library/Frameworks/Ruby.framework/Versions/2.6/usr/lib/ruby" />
          <item key="rubysitearchprefix" value="/System/Library/Frameworks/Ruby.framework/Versions/2.6/usr/lib/ruby/universal-darwin21" />
          <item key="runstatedir" value="/System/Library/Frameworks/Ruby.framework/Versions/2.6/usr/var/run" />
          <item key="sbindir" value="/System/Library/Frameworks/Ruby.framework/Versions/2.6/usr/sbin" />
          <item key="setup" value="Setup" />
          <item key="sharedstatedir" value="/System/Library/Frameworks/Ruby.framework/Versions/2.6/usr/com" />
          <item key="sitearch" value="universal-darwin21" />
          <item key="sitearchdir" value="/Library/Ruby/Site/2.6.0/universal-darwin21" />
          <item key="sitearchhdrdir" value="/Library/Developer/CommandLineTools/SDKs/MacOSX12.1.sdk/System/Library/Frameworks/Ruby.framework/Versions/2.6/usr/include/ruby-2.6.0/site_ruby/universal-darwin21" />
          <item key="sitearchincludedir" value="/Library/Developer/CommandLineTools/SDKs/MacOSX12.1.sdk/System/Library/Frameworks/Ruby.framework/Versions/2.6/usr/include/universal-darwin21" />
          <item key="sitearchlibdir" value="/System/Library/Frameworks/Ruby.framework/Versions/2.6/usr/lib/universal-darwin21" />
          <item key="sitedir" value="/Library/Ruby/Site" />
          <item key="sitehdrdir" value="/Library/Developer/CommandLineTools/SDKs/MacOSX12.1.sdk/System/Library/Frameworks/Ruby.framework/Versions/2.6/usr/include/ruby-2.6.0/site_ruby" />
          <item key="sitelibdir" value="/Library/Ruby/Site/2.6.0" />
          <item key="sysconfdir" value="/Library/Ruby/Site" />
          <item key="target" value="universal-apple-darwin21" />
          <item key="target_cpu" value="universal" />
          <item key="target_os" value="darwin21" />
          <item key="target_vendor" value="apple" />
          <item key="topdir" value="/System/Library/Frameworks/Ruby.framework/Versions/2.6/usr/lib/ruby/2.6.0/universal-darwin21" />
          <item key="try_header" value="try_compile" />
          <item key="vendorarchdir" value="/System/Library/Frameworks/Ruby.framework/Versions/2.6/usr/lib/ruby/vendor_ruby/2.6.0/universal-darwin21" />
          <item key="vendorarchhdrdir" value="/Library/Developer/CommandLineTools/SDKs/MacOSX12.1.sdk/System/Library/Frameworks/Ruby.framework/Versions/2.6/usr/include/ruby-2.6.0/vendor_ruby/universal-darwin21" />
          <item key="vendordir" value="/System/Library/Frameworks/Ruby.framework/Versions/2.6/usr/lib/ruby/vendor_ruby" />
          <item key="vendorhdrdir" value="/Library/Developer/CommandLineTools/SDKs/MacOSX12.1.sdk/System/Library/Frameworks/Ruby.framework/Versions/2.6/usr/include/ruby-2.6.0/vendor_ruby" />
          <item key="vendorlibdir" value="/System/Library/Frameworks/Ruby.framework/Versions/2.6/usr/lib/ruby/vendor_ruby/2.6.0" />
        </RbConfig>
      </additional>
    </jdk>
    <jdk version="2">
      <name value="Remote: ruby-2.6.6-p146" />
      <type value="RUBY_SDK" />
      <version value="ver.2.6.6p146 ( revision 67876) p146" />
      <homePath value="docker-compose://[/Users/kazushi.mitsue/circuit-x-dashboard/docker-compose.yml]:web//usr/local/bin/ruby" />
      <roots>
        <classPath>
          <root type="composite">
            <root url="file://$USER_HOME$/Library/Caches/JetBrains/RubyMine2021.3/ruby_stubs/1064382028/usr/local/lib/ruby/gems/2.6.0/gems" type="simple" />
            <root url="file://$USER_HOME$/Library/Caches/JetBrains/RubyMine2021.3/ruby_stubs/1064382028/usr/local/bundle/gems" type="simple" />
            <root url="file://$USER_HOME$/Library/Caches/JetBrains/RubyMine2021.3/ruby_stubs/1064382028/root/.gem/ruby/2.6.0/gems" type="simple" />
            <root url="file://$USER_HOME$/Library/Caches/JetBrains/RubyMine2021.3/ruby_stubs/1064382028/usr/local/lib/ruby/site_ruby" type="simple" />
            <root url="file://$USER_HOME$/Library/Caches/JetBrains/RubyMine2021.3/ruby_stubs/1064382028/usr/local/lib/ruby/vendor_ruby" type="simple" />
            <root url="file://$USER_HOME$/Library/Caches/JetBrains/RubyMine2021.3/ruby_stubs/1064382028/usr/local/lib/ruby/2.6.0" type="simple" />
            <root url="file://$APPLICATION_HOME_DIR$/plugins/ruby/rubystubs/rubystubs26" type="simple" />
          </root>
        </classPath>
        <sourcePath>
          <root type="composite">
            <root url="file://$USER_HOME$/Library/Caches/JetBrains/RubyMine2021.3/ruby_stubs/1064382028/usr/local/lib/ruby/gems/2.6.0/gems" type="simple" />
            <root url="file://$USER_HOME$/Library/Caches/JetBrains/RubyMine2021.3/ruby_stubs/1064382028/usr/local/bundle/gems" type="simple" />
            <root url="file://$USER_HOME$/Library/Caches/JetBrains/RubyMine2021.3/ruby_stubs/1064382028/root/.gem/ruby/2.6.0/gems" type="simple" />
            <root url="file://$USER_HOME$/Library/Caches/JetBrains/RubyMine2021.3/ruby_stubs/1064382028/usr/local/lib/ruby/site_ruby" type="simple" />
            <root url="file://$USER_HOME$/Library/Caches/JetBrains/RubyMine2021.3/ruby_stubs/1064382028/usr/local/lib/ruby/vendor_ruby" type="simple" />
            <root url="file://$USER_HOME$/Library/Caches/JetBrains/RubyMine2021.3/ruby_stubs/1064382028/usr/local/lib/ruby/2.6.0" type="simple" />
            <root url="file://$APPLICATION_HOME_DIR$/plugins/ruby/rubystubs/rubystubs26" type="simple" />
          </root>
        </sourcePath>
      </roots>
      <additional NORMALIZED_VERSION_STRING="ver.2.6.6p146 ( revision 67876) p146" version="1" GEMS_BIN_DIR_PATH="$USER_HOME$/Library/Caches/JetBrains/RubyMine2021.3/ruby_stubs/1064382028/usr/local/bundle/bin" DATA-VERSION="2" INTERPRETER_PATH="/usr/local/bin/ruby" HELPERS_PATH="/opt/.rubymine_helpers" INITIALIZED="false" VALID="true" RUN_AS_ROOT_VIA_SUDO="false" AVAILABLE_FOR_NEW_PROJECTS="false" DOCKER_ACCOUNT_NAME="circuit-x-dashboard" DOCKER_COMPOSE_SERVICE_NAME="web" DOCKER_REMOTE_PROJECT_PATH="/opt/project">
        <VERSION_MANAGER ID="system">
          <custom-configurator>
            <list />
          </custom-configurator>
        </VERSION_MANAGER>
        <RbConfig>
          <item key="AR" value="ar" />
          <item key="ARFLAGS" value="rcD " />
          <item key="AS" value="as" />
          <item key="ASMEXT" value="S" />
          <item key="BUILTIN_TRANSSRCS" value=" enc/trans/newline.c" />
          <item key="CC" value="gcc" />
          <item key="CCDLFLAGS" value="-fPIC" />
          <item key="CC_VERSION" value="gcc --version" />
          <item key="CC_VERSION_MESSAGE" value="gcc (Debian 8.3.0-6) 8.3.0&#10;Copyright (C) 2018 Free Software Foundation, Inc.&#10;This is free software; see the source for copying conditions.  There is NO&#10;warranty; not even for MERCHANTABILITY or FITNESS FOR A PARTICULAR PURPOSE." />
          <item key="CFLAGS" value="-O3 -ggdb3 -Wall -Wextra -Wdeclaration-after-statement -Wdeprecated-declarations -Wduplicated-cond -Wimplicit-function-declaration -Wimplicit-int -Wmisleading-indentation -Wpointer-arith -Wrestrict -Wwrite-strings -Wimplicit-fallthrough=0 -Wmissing-noreturn -Wno-cast-function-type -Wno-constant-logical-operand -Wno-long-long -Wno-missing-field-initializers -Wno-overlength-strings -Wno-packed-bitfield-compat -Wno-parentheses-equality -Wno-self-assign -Wno-tautological-compare -Wno-unused-parameter -Wno-unused-value -Wsuggest-attribute=format -Wsuggest-attribute=noreturn -Wunused-variable  -fPIC" />
          <item key="CHDIR" value="cd -P" />
          <item key="CONFIGURE" value="configure" />
          <item key="COUTFLAG" value="-o " />
          <item key="CP" value="cp" />
          <item key="CPP" value="gcc -E" />
          <item key="CPPFLAGS" value="  " />
          <item key="CPPOUTFILE" value="-o conftest.i" />
          <item key="CROSS_COMPILING" value="no" />
          <item key="CXX" value="g++" />
          <item key="CXXFLAGS" value="-O3 -ggdb3 -Wall -Wextra -Wdeclaration-after-statement -Wdeprecated-declarations -Wduplicated-cond -Wimplicit-function-declaration -Wimplicit-int -Wmisleading-indentation -Wpointer-arith -Wrestrict -Wwrite-strings -Wimplicit-fallthrough=0 -Wmissing-noreturn -Wno-cast-function-type -Wno-constant-logical-operand -Wno-long-long -Wno-missing-field-initializers -Wno-overlength-strings -Wno-packed-bitfield-compat -Wno-parentheses-equality -Wno-self-assign -Wno-tautological-compare -Wno-unused-parameter -Wno-unused-value -Wsuggest-attribute=format -Wsuggest-attribute=noreturn -Wunused-variable" />
          <item key="DLDFLAGS" value="-Wl,--compress-debug-sections=zlib" />
          <item key="DLDLIBS" value=" -lc" />
          <item key="DLDSHARED" value="gcc -shared" />
          <item key="DLEXT" value="so" />
          <item key="DLNOBJ" value="dln.o" />
          <item key="ECHO_N" value="-n" />
          <item key="EGREP" value="/bin/grep -E" />
          <item key="ENABLE_SHARED" value="yes" />
          <item key="EXTOUT" value=".ext" />
          <item key="GCC" value="yes" />
          <item key="GIT" value="git" />
          <item key="GNU_LD" value="yes" />
          <item key="GREP" value="/bin/grep" />
          <item key="HAVE_GIT" value="no" />
          <item key="INSTALL" value="/usr/bin/install -c" />
          <item key="INSTALL_DATA" value="/usr/bin/install -c -m 644" />
          <item key="INSTALL_PROGRAM" value="/usr/bin/install -c" />
          <item key="INSTALL_SCRIPT" value="/usr/bin/install -c" />
          <item key="INSTALL_STATIC_LIBRARY" value="no" />
          <item key="LD" value="ld" />
          <item key="LDFLAGS" value="-L. -fstack-protector-strong -rdynamic -Wl,-export-dynamic" />
          <item key="LDSHARED" value="gcc -shared" />
          <item key="LDSHAREDXX" value="g++ -shared" />
          <item key="LIBEXT" value="a" />
          <item key="LIBPATHENV" value="LD_LIBRARY_PATH" />
          <item key="LIBPATHFLAG" value=" -L%1$-s" />
          <item key="LIBRUBY" value="libruby.so.2.6.6" />
          <item key="LIBRUBYARG" value="-Wl,-rpath,/usr/local/lib -L/usr/local/lib -lruby" />
          <item key="LIBRUBYARG_SHARED" value="-Wl,-rpath,/usr/local/lib -L/usr/local/lib -lruby" />
          <item key="LIBRUBYARG_STATIC" value="-Wl,-rpath,/usr/local/lib -L/usr/local/lib -lruby-static -lz -lpthread -lrt -lrt -lgmp -ldl -lcrypt -lm " />
          <item key="LIBRUBY_A" value="libruby-static.a" />
          <item key="LIBRUBY_ALIASES" value="libruby.so.2.6 libruby.so" />
          <item key="LIBRUBY_RELATIVE" value="no" />
          <item key="LIBRUBY_SO" value="libruby.so.2.6.6" />
          <item key="LIBRUBY_SONAME" value="libruby.so.2.6" />
          <item key="LIBS" value="-lm " />
          <item key="LN_S" value="ln -s" />
          <item key="MAINLIBS" value="-lz -lpthread -lrt -lrt -lgmp -ldl -lcrypt -lm " />
          <item key="MAJOR" value="2" />
          <item key="MAKEDIRS" value="/bin/mkdir -p" />
          <item key="MAKEFILES" value="Makefile GNUmakefile" />
          <item key="MANTYPE" value="man" />
          <item key="MATHN" value="yes" />
          <item key="MINOR" value="6" />
          <item key="MJIT_CC" value="/usr/bin/gcc" />
          <item key="MJIT_SUPPORT" value="yes" />
          <item key="MKDIR_P" value="/bin/mkdir -p" />
          <item key="NM" value="nm" />
          <item key="NULLCMD" value=":" />
          <item key="OBJCOPY" value=":" />
          <item key="OBJDUMP" value="objdump" />
          <item key="OBJEXT" value="o" />
          <item key="OUTFLAG" value="-o " />
          <item key="PACKAGE" value="ruby" />
          <item key="PATCHLEVEL" value="146" />
          <item key="PATH_SEPARATOR" value=":" />
          <item key="PKG_CONFIG" value="pkg-config" />
          <item key="POSTLINK" value=":" />
          <item key="PRELOADENV" value="LD_PRELOAD" />
          <item key="PREP" value="miniruby" />
          <item key="RANLIB" value="ranlib" />
          <item key="RI_BASE_NAME" value="ri" />
          <item key="RM" value="rm -f" />
          <item key="RMALL" value="rm -fr" />
          <item key="RMDIR" value="rmdir --ignore-fail-on-non-empty" />
          <item key="RMDIRS" value="rmdir --ignore-fail-on-non-empty -p" />
          <item key="RPATHFLAG" value=" -Wl,-rpath,%1$-s" />
          <item key="RUBYW_BASE_NAME" value="rubyw" />
          <item key="RUBY_API_VERSION" value="2.6" />
          <item key="RUBY_BASE_NAME" value="ruby" />
          <item key="RUBY_EXEC_PREFIX" value="/usr/local" />
          <item key="RUBY_INSTALL_NAME" value="ruby" />
          <item key="RUBY_LIB_VERSION_STYLE" value="3&#9;/* full */" />
          <item key="RUBY_PROGRAM_VERSION" value="2.6.6" />
          <item key="RUBY_SO_NAME" value="ruby" />
          <item key="RUBY_VERSION_NAME" value="ruby-2.6.0" />
          <item key="SHELL" value="/bin/bash" />
          <item key="SOEXT" value="so" />
          <item key="SOLIBS" value="-lz -lpthread -lrt -lrt -lgmp -ldl -lcrypt -lm " />
          <item key="STRIP" value="strip -S -x" />
          <item key="TEENY" value="6" />
          <item key="TEST_RUNNABLE" value="yes" />
          <item key="THREAD_MODEL" value="pthread" />
          <item key="UNICODE_EMOJI_VERSION" value="12.0" />
          <item key="UNICODE_VERSION" value="12.1.0" />
          <item key="WERRORFLAG" value="-Werror" />
          <item key="arch" value="x86_64-linux" />
          <item key="archdir" value="/usr/local/lib/ruby/2.6.0/x86_64-linux" />
          <item key="archincludedir" value="/usr/local/include/x86_64-linux" />
          <item key="archlibdir" value="/usr/local/lib/x86_64-linux" />
          <item key="bindir" value="/usr/local/bin" />
          <item key="build" value="x86_64-pc-linux-gnu" />
          <item key="build_alias" value="x86_64-linux-gnu" />
          <item key="build_cpu" value="x86_64" />
          <item key="build_os" value="linux-gnu" />
          <item key="build_vendor" value="pc" />
          <item key="cflags" value="-O3 -ggdb3 -Wall -Wextra -Wdeclaration-after-statement -Wdeprecated-declarations -Wduplicated-cond -Wimplicit-function-declaration -Wimplicit-int -Wmisleading-indentation -Wpointer-arith -Wrestrict -Wwrite-strings -Wimplicit-fallthrough=0 -Wmissing-noreturn -Wno-cast-function-type -Wno-constant-logical-operand -Wno-long-long -Wno-missing-field-initializers -Wno-overlength-strings -Wno-packed-bitfield-compat -Wno-parentheses-equality -Wno-self-assign -Wno-tautological-compare -Wno-unused-parameter -Wno-unused-value -Wsuggest-attribute=format -Wsuggest-attribute=noreturn -Wunused-variable" />
          <item key="configure_args" value=" '--build=x86_64-linux-gnu' '--disable-install-doc' '--enable-shared' 'build_alias=x86_64-linux-gnu'" />
          <item key="cxxflags" value="-O3 -ggdb3 -Wall -Wextra -Wdeclaration-after-statement -Wdeprecated-declarations -Wduplicated-cond -Wimplicit-function-declaration -Wimplicit-int -Wmisleading-indentation -Wpointer-arith -Wrestrict -Wwrite-strings -Wimplicit-fallthrough=0 -Wmissing-noreturn -Wno-cast-function-type -Wno-constant-logical-operand -Wno-long-long -Wno-missing-field-initializers -Wno-overlength-strings -Wno-packed-bitfield-compat -Wno-parentheses-equality -Wno-self-assign -Wno-tautological-compare -Wno-unused-parameter -Wno-unused-value -Wsuggest-attribute=format -Wsuggest-attribute=noreturn -Wunused-variable" />
          <item key="datadir" value="/usr/local/share" />
          <item key="datarootdir" value="/usr/local/share" />
          <item key="debugflags" value="-ggdb3" />
          <item key="docdir" value="/usr/local/share/doc/ruby" />
          <item key="dvidir" value="/usr/local/share/doc/ruby" />
          <item key="exec" value="exec" />
          <item key="exec_prefix" value="/usr/local" />
          <item key="host" value="x86_64-pc-linux-gnu" />
          <item key="host_cpu" value="x86_64" />
          <item key="host_os" value="linux-gnu" />
          <item key="host_vendor" value="pc" />
          <item key="htmldir" value="/usr/local/share/doc/ruby" />
          <item key="includedir" value="/usr/local/include" />
          <item key="infodir" value="/usr/local/share/info" />
          <item key="libdir" value="/usr/local/lib" />
          <item key="libdirname" value="libdir" />
          <item key="libexecdir" value="/usr/local/libexec" />
          <item key="localedir" value="/usr/local/share/locale" />
          <item key="localstatedir" value="/usr/local/var" />
          <item key="mandir" value="/usr/local/share/man" />
          <item key="oldincludedir" value="/usr/include" />
          <item key="optflags" value="-O3" />
          <item key="pdfdir" value="/usr/local/share/doc/ruby" />
          <item key="prefix" value="/usr/local" />
          <item key="psdir" value="/usr/local/share/doc/ruby" />
          <item key="ridir" value="/usr/local/share/ri" />
          <item key="ruby_install_name" value="ruby" />
          <item key="ruby_pc" value="ruby-2.6.pc" />
          <item key="ruby_version" value="2.6.0" />
          <item key="rubyarchdir" value="/usr/local/lib/ruby/2.6.0/x86_64-linux" />
          <item key="rubyarchhdrdir" value="/usr/local/include/ruby-2.6.0/x86_64-linux" />
          <item key="rubyarchprefix" value="/usr/local/lib/ruby/x86_64-linux" />
          <item key="rubyhdrdir" value="/usr/local/include/ruby-2.6.0" />
          <item key="rubylibdir" value="/usr/local/lib/ruby/2.6.0" />
          <item key="rubylibprefix" value="/usr/local/lib/ruby" />
          <item key="rubysitearchprefix" value="/usr/local/lib/ruby/x86_64-linux" />
          <item key="runstatedir" value="/usr/local/var/run" />
          <item key="sbindir" value="/usr/local/sbin" />
          <item key="setup" value="Setup" />
          <item key="sharedstatedir" value="/usr/local/com" />
          <item key="sitearch" value="x86_64-linux" />
          <item key="sitearchdir" value="/usr/local/lib/ruby/site_ruby/2.6.0/x86_64-linux" />
          <item key="sitearchhdrdir" value="/usr/local/include/ruby-2.6.0/site_ruby/x86_64-linux" />
          <item key="sitearchincludedir" value="/usr/local/include/x86_64-linux" />
          <item key="sitearchlibdir" value="/usr/local/lib/x86_64-linux" />
          <item key="sitedir" value="/usr/local/lib/ruby/site_ruby" />
          <item key="sitehdrdir" value="/usr/local/include/ruby-2.6.0/site_ruby" />
          <item key="sitelibdir" value="/usr/local/lib/ruby/site_ruby/2.6.0" />
          <item key="strict_warnflags" value="-std=gnu99" />
          <item key="sysconfdir" value="/usr/local/etc" />
          <item key="target" value="x86_64-pc-linux-gnu" />
          <item key="target_cpu" value="x86_64" />
          <item key="target_os" value="linux" />
          <item key="target_vendor" value="pc" />
          <item key="topdir" value="/usr/local/lib/ruby/2.6.0/x86_64-linux" />
          <item key="vendorarchdir" value="/usr/local/lib/ruby/vendor_ruby/2.6.0/x86_64-linux" />
          <item key="vendorarchhdrdir" value="/usr/local/include/ruby-2.6.0/vendor_ruby/x86_64-linux" />
          <item key="vendordir" value="/usr/local/lib/ruby/vendor_ruby" />
          <item key="vendorhdrdir" value="/usr/local/include/ruby-2.6.0/vendor_ruby" />
          <item key="vendorlibdir" value="/usr/local/lib/ruby/vendor_ruby/2.6.0" />
          <item key="warnflags" value="-Wall -Wextra -Wdeclaration-after-statement -Wdeprecated-declarations -Wduplicated-cond -Wimplicit-function-declaration -Wimplicit-int -Wmisleading-indentation -Wpointer-arith -Wrestrict -Wwrite-strings -Wimplicit-fallthrough=0 -Wmissing-noreturn -Wno-cast-function-type -Wno-constant-logical-operand -Wno-long-long -Wno-missing-field-initializers -Wno-overlength-strings -Wno-packed-bitfield-compat -Wno-parentheses-equality -Wno-self-assign -Wno-tautological-compare -Wno-unused-parameter -Wno-unused-value -Wsuggest-attribute=format -Wsuggest-attribute=noreturn -Wunused-variable" />
        </RbConfig>
        <GEMS_ROOTS_URLS_ROOT GEMS_ROOTS_URL="file://$USER_HOME$/Library/Caches/JetBrains/RubyMine2021.3/ruby_stubs/1064382028/usr/local/lib/ruby/gems/2.6.0/gems" />
        <GEMS_ROOTS_URLS_ROOT GEMS_ROOTS_URL="file://$USER_HOME$/Library/Caches/JetBrains/RubyMine2021.3/ruby_stubs/1064382028/usr/local/lib/ruby/gems/2.6.0/bundler/gems" />
        <GEMS_ROOTS_URLS_ROOT GEMS_ROOTS_URL="file://$USER_HOME$/Library/Caches/JetBrains/RubyMine2021.3/ruby_stubs/1064382028/usr/local/bundle/gems" />
        <GEMS_ROOTS_URLS_ROOT GEMS_ROOTS_URL="file://$USER_HOME$/Library/Caches/JetBrains/RubyMine2021.3/ruby_stubs/1064382028/usr/local/bundle/bundler/gems" />
        <GEMS_ROOTS_URLS_ROOT GEMS_ROOTS_URL="file://$USER_HOME$/Library/Caches/JetBrains/RubyMine2021.3/ruby_stubs/1064382028/root/.gem/ruby/2.6.0/gems" />
        <GEMS_ROOTS_URLS_ROOT GEMS_ROOTS_URL="file://$USER_HOME$/Library/Caches/JetBrains/RubyMine2021.3/ruby_stubs/1064382028/root/.gem/ruby/2.6.0/bundler/gems" />
        <PathMappingSettings>
          <option name="pathMappings">
            <list>
              <mapping local-root="$USER_HOME$/Library/Caches/JetBrains/RubyMine2021.3/ruby_stubs/1064382028/usr/local/lib/ruby/gems/2.6.0/bin" remote-root="/usr/local/lib/ruby/gems/2.6.0/bin" />
              <mapping local-root="$USER_HOME$/Library/Caches/JetBrains/RubyMine2021.3/ruby_stubs/1064382028/usr/local/lib/ruby/gems/2.6.0/gems" remote-root="/usr/local/lib/ruby/gems/2.6.0/gems" />
              <mapping local-root="$USER_HOME$/Library/Caches/JetBrains/RubyMine2021.3/ruby_stubs/1064382028/usr/local/lib/ruby/gems/2.6.0/specifications" remote-root="/usr/local/lib/ruby/gems/2.6.0/specifications" />
              <mapping local-root="$USER_HOME$/Library/Caches/JetBrains/RubyMine2021.3/ruby_stubs/1064382028/usr/local/lib/ruby/gems/2.6.0/bundler" remote-root="/usr/local/lib/ruby/gems/2.6.0/bundler" />
              <mapping local-root="$USER_HOME$/Library/Caches/JetBrains/RubyMine2021.3/ruby_stubs/1064382028/usr/local/bundle/bin" remote-root="/usr/local/bundle/bin" />
              <mapping local-root="$USER_HOME$/Library/Caches/JetBrains/RubyMine2021.3/ruby_stubs/1064382028/usr/local/bundle/gems" remote-root="/usr/local/bundle/gems" />
              <mapping local-root="$USER_HOME$/Library/Caches/JetBrains/RubyMine2021.3/ruby_stubs/1064382028/usr/local/bundle/specifications" remote-root="/usr/local/bundle/specifications" />
              <mapping local-root="$USER_HOME$/Library/Caches/JetBrains/RubyMine2021.3/ruby_stubs/1064382028/usr/local/bundle/bundler" remote-root="/usr/local/bundle/bundler" />
              <mapping local-root="$USER_HOME$/Library/Caches/JetBrains/RubyMine2021.3/ruby_stubs/1064382028/root/.gem/ruby/2.6.0/bin" remote-root="/root/.gem/ruby/2.6.0/bin" />
              <mapping local-root="$USER_HOME$/Library/Caches/JetBrains/RubyMine2021.3/ruby_stubs/1064382028/root/.gem/ruby/2.6.0/gems" remote-root="/root/.gem/ruby/2.6.0/gems" />
              <mapping local-root="$USER_HOME$/Library/Caches/JetBrains/RubyMine2021.3/ruby_stubs/1064382028/root/.gem/ruby/2.6.0/specifications" remote-root="/root/.gem/ruby/2.6.0/specifications" />
              <mapping local-root="$USER_HOME$/Library/Caches/JetBrains/RubyMine2021.3/ruby_stubs/1064382028/root/.gem/ruby/2.6.0/bundler" remote-root="/root/.gem/ruby/2.6.0/bundler" />
              <mapping local-root="$USER_HOME$/Library/Caches/JetBrains/RubyMine2021.3/ruby_stubs/1064382028/usr/local/bundle/bin" remote-root="/usr/local/bundle/bin" />
              <mapping local-root="$USER_HOME$/Library/Caches/JetBrains/RubyMine2021.3/ruby_stubs/1064382028/usr/local/lib/ruby/site_ruby" remote-root="/usr/local/lib/ruby/site_ruby" />
              <mapping local-root="$USER_HOME$/Library/Caches/JetBrains/RubyMine2021.3/ruby_stubs/1064382028/usr/local/lib/ruby/vendor_ruby" remote-root="/usr/local/lib/ruby/vendor_ruby" />
              <mapping local-root="$USER_HOME$/Library/Caches/JetBrains/RubyMine2021.3/ruby_stubs/1064382028/usr/local/lib/ruby/2.6.0" remote-root="/usr/local/lib/ruby/2.6.0" />
            </list>
          </option>
        </PathMappingSettings>
        <PathMappingSettings>
          <option name="pathMappings">
            <list>
              <mapping local-root="$USER_HOME$/Library/Caches/JetBrains/RubyMine2021.3/ruby_stubs/1064382028/usr/local/lib/ruby/gems/2.6.0/bin" remote-root="/usr/local/lib/ruby/gems/2.6.0/bin" />
              <mapping local-root="$USER_HOME$/Library/Caches/JetBrains/RubyMine2021.3/ruby_stubs/1064382028/usr/local/lib/ruby/gems/2.6.0/gems" remote-root="/usr/local/lib/ruby/gems/2.6.0/gems" />
              <mapping local-root="$USER_HOME$/Library/Caches/JetBrains/RubyMine2021.3/ruby_stubs/1064382028/usr/local/lib/ruby/gems/2.6.0/specifications" remote-root="/usr/local/lib/ruby/gems/2.6.0/specifications" />
              <mapping local-root="$USER_HOME$/Library/Caches/JetBrains/RubyMine2021.3/ruby_stubs/1064382028/usr/local/lib/ruby/gems/2.6.0/bundler" remote-root="/usr/local/lib/ruby/gems/2.6.0/bundler" />
              <mapping local-root="$USER_HOME$/Library/Caches/JetBrains/RubyMine2021.3/ruby_stubs/1064382028/usr/local/bundle/bin" remote-root="/usr/local/bundle/bin" />
              <mapping local-root="$USER_HOME$/Library/Caches/JetBrains/RubyMine2021.3/ruby_stubs/1064382028/usr/local/bundle/gems" remote-root="/usr/local/bundle/gems" />
              <mapping local-root="$USER_HOME$/Library/Caches/JetBrains/RubyMine2021.3/ruby_stubs/1064382028/usr/local/bundle/specifications" remote-root="/usr/local/bundle/specifications" />
              <mapping local-root="$USER_HOME$/Library/Caches/JetBrains/RubyMine2021.3/ruby_stubs/1064382028/usr/local/bundle/bundler" remote-root="/usr/local/bundle/bundler" />
              <mapping local-root="$USER_HOME$/Library/Caches/JetBrains/RubyMine2021.3/ruby_stubs/1064382028/root/.gem/ruby/2.6.0/bin" remote-root="/root/.gem/ruby/2.6.0/bin" />
              <mapping local-root="$USER_HOME$/Library/Caches/JetBrains/RubyMine2021.3/ruby_stubs/1064382028/root/.gem/ruby/2.6.0/gems" remote-root="/root/.gem/ruby/2.6.0/gems" />
              <mapping local-root="$USER_HOME$/Library/Caches/JetBrains/RubyMine2021.3/ruby_stubs/1064382028/root/.gem/ruby/2.6.0/specifications" remote-root="/root/.gem/ruby/2.6.0/specifications" />
              <mapping local-root="$USER_HOME$/Library/Caches/JetBrains/RubyMine2021.3/ruby_stubs/1064382028/root/.gem/ruby/2.6.0/bundler" remote-root="/root/.gem/ruby/2.6.0/bundler" />
              <mapping local-root="$USER_HOME$/Library/Caches/JetBrains/RubyMine2021.3/ruby_stubs/1064382028/usr/local/bundle/bin" remote-root="/usr/local/bundle/bin" />
              <mapping local-root="$USER_HOME$/Library/Caches/JetBrains/RubyMine2021.3/ruby_stubs/1064382028/usr/local/lib/ruby/site_ruby" remote-root="/usr/local/lib/ruby/site_ruby" />
              <mapping local-root="$USER_HOME$/Library/Caches/JetBrains/RubyMine2021.3/ruby_stubs/1064382028/usr/local/lib/ruby/vendor_ruby" remote-root="/usr/local/lib/ruby/vendor_ruby" />
              <mapping local-root="$USER_HOME$/Library/Caches/JetBrains/RubyMine2021.3/ruby_stubs/1064382028/usr/local/lib/ruby/2.6.0" remote-root="/usr/local/lib/ruby/2.6.0" />
            </list>
          </option>
        </PathMappingSettings>
        <dockerComposeConfigurationPaths>
          <item value="$USER_HOME$/circuit-x-dashboard/docker-compose.yml" />
        </dockerComposeConfigurationPaths>
        <envs />
      </additional>
    </jdk>
  </component>
</application>