<keymap version="1" name="macOS コピー" parent="Mac OS X 10.5+">
  <action id="ActivateFindToolWindow">
    <keyboard-shortcut first-keystroke="meta 3" />
    <keyboard-shortcut first-keystroke="ctrl f" />
  </action>
  <action id="ActivateProjectToolWindow">
    <keyboard-shortcut first-keystroke="meta 1" />
    <keyboard-shortcut first-keystroke="ctrl n" />
  </action>
  <action id="ActivateRunToolWindow">
    <keyboard-shortcut first-keystroke="meta 4" />
    <keyboard-shortcut first-keystroke="ctrl r" />
  </action>
  <action id="ActivateServicesToolWindow">
    <keyboard-shortcut first-keystroke="meta 8" />
    <keyboard-shortcut first-keystroke="ctrl s" />
  </action>
  <action id="ActivateTerminalToolWindow">
    <keyboard-shortcut first-keystroke="meta 0" />
    <keyboard-shortcut first-keystroke="ctrl t" />
  </action>
  <action id="ActivateVersionControlToolWindow">
    <keyboard-shortcut first-keystroke="meta 9" />
    <keyboard-shortcut first-keystroke="ctrl g" />
  </action>
  <action id="Annotate">
    <keyboard-shortcut first-keystroke="ctrl j" />
  </action>
  <action id="ChangesView.GroupBy.Directory" />
  <action id="ChangesView.ShelveSilently" />
  <action id="CheckinProject">
    <keyboard-shortcut first-keystroke="ctrl k" />
  </action>
  <action id="EditorCutLineEnd" />
  <action id="EditorDown">
    <keyboard-shortcut first-keystroke="down" />
  </action>
  <action id="EditorRight">
    <keyboard-shortcut first-keystroke="right" />
  </action>
  <action id="EditorUp">
    <keyboard-shortcut first-keystroke="up" />
  </action>
  <action id="MethodHierarchy" />
  <action id="NextSplitter" />
  <action id="NextTab">
    <keyboard-shortcut first-keystroke="ctrl l" />
  </action>
  <action id="PopupMenu-selectNext">
    <keyboard-shortcut first-keystroke="down" />
  </action>
  <action id="PrevSplitter" />
  <action id="PreviousTab">
    <keyboard-shortcut first-keystroke="ctrl h" />
  </action>
  <action id="QuickJavaDoc">
    <keyboard-shortcut first-keystroke="f1" />
    <mouse-shortcut keystroke="control button2" />
  </action>
  <action id="Refactorings.QuickListPopupAction" />
  <action id="Run" />
  <action id="SelectNextOccurrence" />
  <action id="ServiceView.GroupByContributor" />
  <action id="ServiceView.GroupByServiceGroups" />
  <action id="SplitHorizontally">
    <keyboard-shortcut first-keystroke="ctrl w" second-keystroke="s" />
  </action>
  <action id="SplitVertically">
    <keyboard-shortcut first-keystroke="ctrl w" second-keystroke="v" />
  </action>
  <action id="TodoViewGroupByFlattenPackage" />
  <action id="TodoViewGroupByShowPackages" />
  <action id="Tree-selectNext">
    <keyboard-shortcut first-keystroke="down" />
  </action>
  <action id="TypeHierarchy" />
  <action id="TypeHierarchyBase.BaseOnThisType" />
  <action id="UsageFiltering.ReadAccess" />
  <action id="UsageGrouping.Directory" />
  <action id="UsageGrouping.FileStructure" />
  <action id="UsageGrouping.UsageType" />
  <action id="Vcs.Push">
    <keyboard-shortcut first-keystroke="ctrl p" />
  </action>
  <action id="rspec.LetIntroduce" />
</keymap>